operator_name,country,city,cargo_aircraft_count,fleet_count,priority,enrichment_status,website,phone,address,profile_url,source,base_icao,aircraft_types
ABERDAIR AVIATION LTD,Kenya,Nairobi,1,4,medium,pending,,254 110 468286,"1ST FLOOR, F BLOCK, WILSON BUSINESS PARK, WILSON AIRPORT, P.O. BOX 705, NAIROBI, Kenya",https://www.aircharterguide.com/Operator_Info/ABERDAIR+AVIATION+LTD/98683/Nairobi/68413,ACG,HKNW,AS-350B-3 (EUROCOPTER)|HB-412EP|HB-505 (JET RANGER X)
ADVENTIST AVIATION SERVICE,Papua New Guinea,Goroka,3,3,high,pending,https://uptoadventistaviationservice.weebly.com/adventist-aviation-service.html,675 532 1264,"AIRPORT RD. (NAC GATE 13), GOROKA, Papua New Guinea, Fax: 675 532 1030",https://www.aircharterguide.com/Operator_Info/ADVENTIST+AVIATION+SERVICE/99650/Goroka/69645,ACG,AYGA,PAC 750 XL (XSTOL)
AERLINK PTY,Australia,Brisbane,2,9,medium,pending,,61 7-3621-8300,"T2 PERTH DOMESTIC AIRPORT, 1 HORRIE MILLER DRIVE, PERTH, Australia",https://www.aircharterguide.com/Operator_Info/AERLINK+PTY/100780/Brisbane/71531,ACG,YPPH,AS-ATR42-500|AS-ATR72-200|AS-ATR72-500
AERO SEAT INC,United States,Sterling,3,3,high,pending,https://www.aeroseat.com/,+17606567705; +19705201941; +19705710871; 970-571-0871,"MERTENS FIELD, 12502 RD, 27, STERLING, CO, United States",https://www.aircharterguide.com/Operator_Info/AERO+SEAT+INC/99123/Sterling/68953,ACG,KSTK,CE-180K (SKYWAGON)|PA-18 (SUPER CUB)
"AEROLINEAS SOSA, S.A.R.L.",Honduras,La Ceiba,4,9,high,pending,,504 2407 0234,"AVENIDA SIN ISIDRO FRENTE A1, PARQUE CENTRAL, LA CEIBA, Honduras","https://www.aircharterguide.com/Operator_Info/AEROLINEAS+SOSA,+S.A.R.L./1598/La+Ceiba/1764",ACG,MHLC,BAE-3100 (JETSTREAM 31)|CRJ-100 (REGIONAL JET)|SF-340|SF-340B (COMMUTER)
AFRICA CHARTER AIRLINE,South Africa,Johannesburg,6,9,high,pending,https://www.africacharterairline.com/,27 11 3953962,"HANGAR L1 SOUTH, NORTH COMPLEX 3/4 ATLAS ROAD, KEMPTON PART, GAUTENG, South Africa",https://www.aircharterguide.com/Operator_Info/AFRICA+CHARTER+AIRLINE/100587/Johannesburg/71289,ACG,FAOR,72-500|737-36N|B-737-300 (BOEING 737)|B-737-300F|B-737-400F
AIR ATLANTA,Iceland,Reykjavik,3,8,high,pending,https://airatlanta.com/,+3544584000; 354 458 4000,"VISION EXCHANGE BUILDING, TERRITORIALS STREET ZONE 1, CENTRAL BUSINESS DISTRICT, BIRKIRKARA, Malta",https://www.aircharterguide.com/Operator_Info/AIR+ATLANTA/100633/Reykjavik/71336,ACG,LMML,B-747-400|B-747-400F (BOEING)|B-777
AIR CARGO CARRIERS,United States,Warsaw,28,29,high,pending,https://www.aircargocarriers.com/,+16122663900; +18003522746; 787-791-7090,"SJU - SECTOR CENTRAL 226, CAROLINA, Puerto Rico, Fax: 414-486-5550",https://www.aircharterguide.com/Operator_Info/AIR+CARGO+CARRIERS/96260/Warsaw/65451,ACG,TJSJ,CE-208B (GRAND CARAVAN)|Phenom 100|SD3-60
AIR CHARTERS WEST,Australia,Bunbury,1,2,medium,pending,https://www.aircharterswest.com.au/,61 408 931 139,"HANGAR 43, SOUTH WEST HIGHWAY, HINKLER DRIVE, BUNBURY AIRPORT, BUNBURY, Australia",https://www.aircharterguide.com/Operator_Info/AIR+CHARTERS+WEST/99510/Bunbury/69499,ACG,YBUN,PA-31-350 (CHIEFTAIN)|PA-32R (LANCE)
AIR CHATHAMS,New Zealand,Auckland,4,12,high,pending,https://www.airchathams.co.nz/,64 9 2569370,"234 ROSEDALE ROAD, ALBANY, AUCKLAND, New Zealand",https://www.aircharterguide.com/Operator_Info/AIR+CHATHAMS/98423/Auckland/68084,ACG,NZAA,AS-350 (ASTAR)|AS-355 (TWIN SQUIRREL)|AS-ATR72|AS-ATR72-200|SF-340|SF-340A (COMMUTER)|Saab 340A|Saab 340B
AIR FLAMENCO,Puerto Rico,San Juan,4,15,high,pending,https://booking.flyairflamenco.com/,787-724-1818 (,"CALLE LINDBERGH LOTE 7, SAN JUAN, Puerto Rico, Email:",https://www.aircharterguide.com/Operator_Info/AIR+FLAMENCO/100330/San+Juan/70964,ACG,TJSJ,BN-2A-26 (ISLANDER)|BN-2A-26 Islander|BN-2A-8 Islander|BN-2A-9 Islander|BN-2A-MKIII (TRI-ISLANDER)|BN-2B-26 Islander|SD3-30 (SHERPA)|SD3-60
AIR LIBYA,Libya,Benghazi,2,17,medium,pending,https://airlibya.aero/en/,218 61 224-0825,"GAMAL ABDEL NASSER STR, BIRKA - PO BOX 17791, BENGHAZI, Libya",https://www.aircharterguide.com/Operator_Info/AIR+LIBYA/101004/Benghazi/71792,ACG,HLLB,146-200|737-505|Avro RJ100|BAE-146-200|BAE-146/RJ100 (AVRO)|CRJ-200 (REGIONAL JET)|CRJ-200LR|G300|RJ100
"AIR TINDI, LTD.",Canada,Saskatoon,1,33,medium,pending,https://airtindi.com/,+18676698200; +18676698205; +18676698206; +18676698219; +18885456794; 867-669-8200,"107 BERRY ST., HANGER #1, YELLOWKNIFE ARPT., YELLOWKNIFE, NT, Canada","https://www.aircharterguide.com/Operator_Info/AIR+TINDI,+LTD./274/Saskatoon/284",ACG,CYZF,200 (Beech)|208 (Cessna)|208B (Cessna)|B200C (Beech)|B200GT (Beech)|BE-200 (SUPER KING AIR)|CE-208 (CARAVAN I)|DHC-3 (Dehavilland)|DHC-3T (TURBO OTTER)|DHC-6 SERIES 300 (Dehavilland)|DHC-6-300 (TWIN OTTER)|DHC-7 (DASH 7)|DHC-7-102 (Dehavilland)|DHC-7-103 (Dehavilland)|King Air B200
"AIR TRANSPORT INTERNATIONAL, LLC",United States,Cincinnati,2,2,medium,pending,https://www.airtransport.cc/,+18008662844; 937-382-5591,"WILMINGTON AIRPARK, 145 HUNTER DRIVE, WILMINGTON, OH, United States","https://www.aircharterguide.com/Operator_Info/AIR+TRANSPORT+INTERNATIONAL,+LLC/1698/Cincinnati/1877",ACG,KCVG,B-767-200|B-767-300
AIR URGA,Ukraine,Kryvyi Rih,3,9,high,pending,,380 522 353504,"KOROLENKA STR. 1-A, KROPYVNYTSKYI, Ukraine, Fax: 380 522 353 505",https://www.aircharterguide.com/Operator_Info/AIR+URGA/97289/Kryvyi+Rih/66752,ACG,UKDR,340 B|340B|An-26B|SF-340
AIR-TAXI EUROPE GMBH,Germany,Hannover,4,7,high,pending,https://www.air-taxi.aero/en/,+491802478294; 49 180 2478294,"PETZVALSTR. 49, BRAUNSCHWEIG, Germany, Fax: 49 531 428 70259",https://www.aircharterguide.com/Operator_Info/AIR-TAXI+EUROPE+GMBH/96640/Hannover/65953,ACG,EDDV,CE-406 (CARAVAN II)|Cessna F406 Caravan II|F406 Caravan II
AIRCLASS LINEAS AEREAS,Uruguay,Montevideo,4,5,high,pending,,598 2 6040315,"AVENIDA ITALIA, MONTEVIDEO, Uruguay, Email:",https://www.aircharterguide.com/Operator_Info/AIRCLASS+LINEAS+AEREAS/92439/Montevideo/64755,ACG,SUMU,B-727F (BOEING 727)|SW-227AC. (METRO III)|SW-227AT (MERLIN IVC-41)
"AIRCRAFT SERVICES GROUP, INC.",United States,Bedford,1,13,medium,pending,,973-864-6200,"401 INDUSTRIAL Dr., TETERBORO, NJ, United States, Email:","https://www.aircharterguide.com/Operator_Info/AIRCRAFT+SERVICES+GROUP,+INC./2427/Bedford/2666",ACG,KHPN,BD-100-1A10 (CHALLENGER 300)|BE-300B (SUPER KING AIR)|CE-525C (CITATION JET 4)|CL-650 (CHALLENGER 650)|DA-2000EX EASY|EMB-135BJ (LEGACY)|EMB-505 (PHENOM 300)|G-200 (GULFSTREAM 200)
AIRGATE AVIATION,United States,New Smyrna Beach,1,5,medium,pending,,+18009177403; 386-478-0600,"2022 AERO CIRCLE, NEW SMYRNA BEACH, FL, United States, Fax: 386-409-0441",https://www.aircharterguide.com/Operator_Info/AIRGATE+AVIATION/97197/New+Smyrna+Beach/66620,ACG,KEVB,BE-200 (SUPER KING AIR)|BE-B200 (SUPER KING AIR)|CE-414A (CHANCELLOR)
AIRNET II LLC,United States,Columbus,20,20,high,pending,,614-409-4900,"7250 STAR CHECK DRIVE, COLUMBUS, OH, United States, Fax: 888-999-2374",https://www.aircharterguide.com/Operator_Info/AIRNET+II+LLC/844/Columbus/913,ACG,KLCK,BE-58 (BARON)|LR-35 (LEARJET 35)|LR-35A (LEARJET 35A)
ALASKA BUSH AIR,United States,Talkeetna,1,1,medium,pending,https://www.bushairak.com/,+12015960785; +12352141355; +12545352419; +13097865384; +13372578893; +13537389287; +14065938431; +18292770000; 907-733-1693,"FISH LAKE OFFICE, 28525 S. TALKEETNA SPUR RD., TALKEETNA, AK, United States",https://www.aircharterguide.com/Operator_Info/ALASKA+BUSH+AIR/96152/Talkeetna/65321,ACG,PATK,CE-U206 (STATIONAIRE SIX)
ALASKA CENTRAL EXPRESS,United States,Anchorage,12,20,high,pending,http://alaskacentralexpress.com/,907-334-5100,"5901 LOCKHEED DR., ANCHORAGE, AK, United States, Fax: 907-245-0243",https://www.aircharterguide.com/Operator_Info/ALASKA+CENTRAL+EXPRESS/2452/Anchorage/2700,ACG,PANC,BE-1900C (COMMUTER)
ALFALIMA AVIATION (AS AGENT FOR PT ALTIUS BAHARI),Indonesia,Jakarta,1,1,medium,pending,,62 812 9821 4649,"GRAHA DIRGANTARA 2ND FLOOR UNIT H, JL. PROTOKOL HALIM PERDANAKUSUMA NO. 8, JAKARTA TIMUR, Indonesia",https://www.aircharterguide.com/Operator_Info/ALFALIMA+AVIATION+(AS+AGENT+FOR+PT+ALTIUS+BAHARI)/100955/Jakarta/71727,ACG,WIHH,HS-125-900XP
ALMASRIA UNIVERSAL AIRLINES,Egypt,Cairo,4,17,high,pending,https://almasriaairlines.com/,202 226 99456,"UNIVERSAL AIRLINES BLDG., TERMINAL 1 HELIOPLIES, CAIRO, Egypt",https://www.aircharterguide.com/Operator_Info/ALMASRIA+UNIVERSAL+AIRLINES/98905/Cairo/68695,ACG,HECA,737-446|A320-200|A320-232|A321-211|A321-231|Airbus A320-232|Airbus A321 211|B-737-400
ALPI JETS,Austria,Vienna,3,4,high,pending,https://alpijets.com/,43 664-6123905,"CONCORDE BUSINESS PARK 1/C2/13, SCHWECHAT, Austria, Email:",https://www.aircharterguide.com/Operator_Info/ALPI+JETS/100242/Vienna/70871,ACG,LOWW,EMB-505 (PHENOM 300)|G-450 (G-450)|PC-24
ALTIUS AVIATION LLC,United States,Binghamton,2,6,medium,pending,,315-455-7555,"113 TUSKEGEE RD., SYRACUSE, NY, United States, Fax: 315-455-7557",https://www.aircharterguide.com/Operator_Info/ALTIUS+AVIATION+LLC/98937/Binghamton/68730,ACG,KSYR,CE-680 (CITATION SOVEREIGN)|LR-45 (LEARJET 45)|LR-60 (LEARJET 60)|LR-60XR (LEARJET 60)
"AMERIFLIGHT, LLC",United States,Burbank,8,135,high,pending,,818-847-0000,"1515 W. 20TH ST., DALLAS, TX, United States, Fax: 818-847-0305","https://www.aircharterguide.com/Operator_Info/AMERIFLIGHT,+LLC/1737/Burbank/1922",ACG,KBUR,1900|1900C|340B(F)|99 Airliner|99A Airliner|B99 Airliner|BE-C99 (AIRLINER)|Beech 99 C|C99 Airliner|Chieftain|EMB-120ER|EMB-120ER (BRASILIA)|EMB-120ER Brasilia|EMB-120FC|EMB-120RT|Metro III|Navajo Chieftain|SF-340B (COMMUTER)|SW-227AC (METRO III/EXPEDITOR)|SW-227AT (MERLIN IVC-41)|Swearingen Merlin I
AMERIJET INTERNATIONAL,United States,Miami,11,17,high,pending,,305-593-5500,"4500 NW 36th Street, MIAMI, FL, United States, Email:",https://www.aircharterguide.com/Operator_Info/AMERIJET+INTERNATIONAL/2056/Miami/2272,ACG,KMIA,727 212F/W|727 233F/W|727-2F9|767 232BDSF|767-338|B-767-300
"AMERISTAR JET CHARTER, INC.",United States,Dallas,11,16,high,pending,http://ameristarjet.com/,972-248-2478,"4400 GLEN CURTIS DR., ADDISON, TX, United States, Fax: 972-931-6011","https://www.aircharterguide.com/Operator_Info/AMERISTAR+JET+CHARTER,+INC./1564/Dallas/1729",ACG,KADS,B-737-200 VIP|BE-E90 (KING AIR)|DA-20 (FALCON 20)|DA-20-D (FALCON 20)|DA-20-E (FALCON 20)|DC-9|Falcon 20 C|Falcon 20 D|Learjet 25 D
ARCUS-AIR GMBH & CO.KG,Germany,Zweibrucken,9,9,high,pending,https://arcus-air.com/en/,+491775533838; +491776426470; +491776599165; +491776685813; +498240740740; +499159911727; +499211286680; 49 2241 952516,"BERLINER ALLEE 31, ZWEIBRUECKEN, Germany, Fax: 49 2241-952531",https://www.aircharterguide.com/Operator_Info/ARCUS-AIR+GMBH+&+CO.KG/1050/Zweibrucken/1137,ACG,EDRZ,DO-228-212|EMB-500 (PHENOM 100)
"ARM AVIACION, S.A.",Guatemala,Guatemala City,2,5,medium,pending,https://armaviacion.com/,502 24182727,"AURORA INTL. ARPT., AVE. HINCAPIE, 18-05 Z. 13 HANGAR K2, GUATEMALA, Guatemala","https://www.aircharterguide.com/Operator_Info/ARM+AVIACION,+S.A./96991/Guatemala+City/66359",ACG,MGGT,AC-500 (AERO COMMANDER)|BE-55 (BARON)|CE-208B (GRAND CARAVAN)|DHC-6-300 (TWIN OTTER)
ARROW AVIATION LTD,Israel,Tel Aviv,2,3,medium,pending,https://www.arrowaviationco.com/,972 3 9661882,"11 HADAS ST, RISHON LEZION, Israel, Fax: 972 3 9661880",https://www.aircharterguide.com/Operator_Info/ARROW+AVIATION+LTD/99368/Tel+Aviv/69339,ACG,LLBG,CE-560 (CITATION V)|HS-125-800XP (HAWKER 800XP)
ASIA CARGO AIRLINES (PT.TRI-M.G AIRLINES),Indonesia,Jakarta,3,7,high,pending,,62 21 8087 2119,"JB TOWER, JL. KEBON SIRIH, NO.48-50 KEL GAMBIR, KEC GAMBIR, JAKARTA PUSAT, Indonesia",https://www.aircharterguide.com/Operator_Info/ASIA+CARGO+AIRLINES+(PT.TRI-M.G+AIRLINES)/99569/Jakarta/69560,ACG,WIHH,B-737-300F|BE-400A (BEECHJET)|HS-125-800XP (HAWKER 800XP)|HS-125-900XP
ATD FLIGHT SYSTEMS LLC,United States,Kansas City,1,2,medium,pending,https://atdflightsystems.com/,816 221 8455,"10 RICHARDS RD. NW, KANSAS CITY, MO, United States, Fax: 816 221 8470",https://www.aircharterguide.com/Operator_Info/ATD+FLIGHT+SYSTEMS+LLC/97226/Kansas+City/66686,ACG,KMKC,CE-560-XLS (CITATION XLS)|CE-560-XLS+ (Citation XLS+)
AVIAIR,Australia,Kununurra,2,14,medium,pending,https://www.aviair.com,+61223337494; +61249938964; +61269720184; +61357043517; +61380571058; +61384615384; +61391505937; +61452898550; +61875474486; +61898591230; 61 8 9166 9300,"LOT 319 LAINE JONES DR, KUNUNURRA AIRPORT, KUNUNURRA, Australia",https://www.aircharterguide.com/Operator_Info/AVIAIR/99513/Kununurra/69502,ACG,YPKU,CE-208B (GRAND CARAVAN)|DHC-8-400 (DASH 8-400)|GA-8 (AIRVAN)|PC-12-45 (PILATUS)
AVIANCA CARGO,United States,Miami,5,160,high,pending,https://www.aviancacargo.com/index.aspx,57 601 589 8532,"DIAGONAL 25G#95A-85, BOGOTA, Colombia, Email:",https://www.aircharterguide.com/Operator_Info/AVIANCA+CARGO/2258/Miami/2487,ACG,KMIA,787-8 Dreamliner|A319-115|A319-132|A320-214|A320-251N|A330|A330-243F
"AVIATION CHARTER, INC.",United States,Minneapolis,4,11,high,pending,,952-943-1519,"9960 FLYING CLOUD DR., EDEN PRAIRIE, MN, United States, Fax: 952-995-9274","https://www.aircharterguide.com/Operator_Info/AVIATION+CHARTER,+INC./567/Minneapolis/601",ACG,KFCM,BE-200 (SUPER KING AIR)|BE-400A (BEECHJET)|BE-B200 (SUPER KING AIR)|BE-C90 (KING AIR)|CE-650 III (CITATION III)
AVIATION RESOURCE MANAGEMENT,United States,Teterboro,1,1,medium,pending,,201-485-7875,"109 CHARLES LINDBERGH DRIVE, TETERBORO, NJ, United States, Fax: 201-485-7879",https://www.aircharterguide.com/Operator_Info/AVIATION+RESOURCE+MANAGEMENT/1836/Teterboro/2031,ACG,KTEB,BD-5000-1A10 (GLOBAL 5000)
BAY AIR AVIATION,Namibia,Swakopmund,3,7,high,pending,https://www.bay-air.com/,+18149294263; 264 61-256745,"OLD TERMINAL BUILDING, EROS AIRPORT, WINDHOEK, Namibia",https://www.aircharterguide.com/Operator_Info/BAY+AIR+AVIATION/10/Swakopmund/3,ACG,FYSM,CE-210|CE-500 (CITATION I)|MU-2
BERRY AVIATION,United States,Akron,17,33,high,pending,https://www.berryaviation.com/,+18002292379; 512-392-7279,"1807 AIRPORT DR., SAN MARCOS, TX, United States, Fax: 940-218-6129",https://www.aircharterguide.com/Operator_Info/BERRY+AVIATION/1588/Akron/1754,ACG,KCAK,340B|B300|DHC-6-300|DHC-6-300 (TWIN OTTER)|DHC-6-300 Twin Otter|DHC-8 202|DHC-8-200Q (DASH 8 200Q)|DHC-8-202Q (HAVILLAND)|EMB-120ER|EMB-120ER (BRASILIA)|GERY HAWK|Metro III|T206H
BRAVO AIR,United States,Augusta,2,4,medium,pending,,800-733-5417,"1520 HANGAR ROAD, AUGUSTA, GA, United States, Email:",https://www.aircharterguide.com/Operator_Info/BRAVO+AIR/100341/Augusta/70995,ACG,KAGS,BE-58 (BARON)|CE-560 (CITATION V)|CE-560-E (CITATION ENCORE)|CE-650-VI (CITATION VI)
BREEZE AIR CHARTERS,Virgin Islands (U.S.),St. Thomas,2,2,medium,pending,,340-693-4547,"8201 LINDBERGH BAY, CHARLOTTE AMALIE, Virgin Islands (U.S.), Email:",https://www.aircharterguide.com/Operator_Info/BREEZE+AIR+CHARTERS/100507/St.+Thomas/71194,ACG,TIST,PA-23 (AZTEC)|PC-12-47E (PILATUS)
CALM AIR,Canada,Winnipeg,4,15,high,pending,https://www.calmair.com/,+12046247220; +12046522603; +12046758843; +12046758858; +12046770454; +12046877453; +12049566101; +18008392256; +18674624378; +18676452729; +18676452746; +18676452900; +18677932873; +18677935144; +18678572997; +18678969310; +18678989103; +18679259767; 888-831-8472,"50 MORBERG RD., WINNIPEG, MB, Canada, Fax: 204-778-6954",https://www.aircharterguide.com/Operator_Info/CALM+AIR/99600/Winnipeg/69593,ACG,CYWG,AS-ATR42-300|AS-ATR72|AS-ATR72-500|ATR 72-500
CARGOLUX AIRLINES INTERNATIONAL S.A.,Luxembourg,Luxembourg,21,51,high,pending,,+3524211; 352 4211-3305,"LUXEMBOURG ARPT., G.D. LUXEMBOURG, Luxembourg, Fax: 352 4211-3423",https://www.aircharterguide.com/Operator_Info/CARGOLUX+AIRLINES+INTERNATIONAL+S.A./939/Luxembourg/1015,ACG,ELLX,747-467F|747-4EVF(ER)|747-4HAF(ER)|747-4HQF(ER)|747-4R7F|747-8R7F|B-747|B-747-400ERF|B-747-400F (BOEING)
CARRIER AIRWAYS INC,United States,Greeneville,3,3,high,pending,https://carrierairways.com/,615-625-2660,"276 DOUG WARPOOLE ROAD, SMYRNA, TN, United States, Email:",https://www.aircharterguide.com/Operator_Info/CARRIER+AIRWAYS+INC/99044/Greeneville/68864,ACG,KMQY,BAE-3101 (JETSTREAM)|BE-400A (BEECHJET)
"CASTLE AVIATION, INC.",United States,Akron,11,18,high,pending,,330-498-9333 EXT. 1,"AKRON CANTON AIRPORT, 4919 MT. PLEASANT STREET NW, NORTH CANTON, OH, United States","https://www.aircharterguide.com/Operator_Info/CASTLE+AVIATION,+INC./978/Akron/1054",ACG,KCAK,208 B|AEROSTAR 600|C23|CE-208B (GRAND CARAVAN)|PA-60-600 (AEROSTAR)|SA-226AT|SF-340B (COMMUTER)|T-34A
CAVOK AIR AIRLINES,Slovakia,Piestany,4,5,high,pending,,380 44 5008306,"3 OBOLONSKY NABEREZHNA, BOX 3, SECTION 1, OFFICE 2, KIEV, Ukraine",https://www.aircharterguide.com/Operator_Info/CAVOK+AIR+AIRLINES/98600/Piestany/68320,ACG,LZPP,AN-12B|AN-12BP|Antonov An-12BK
CENTRAL AIR SOUTHWEST,United States,Mosby,25,27,high,pending,https://centralairsouthwest.com/,816-472-7711,"1001 LOU HOLLAND DR., KANSAS CITY, MO, United States, Fax: 816-474-7444",https://www.aircharterguide.com/Operator_Info/CENTRAL+AIR+SOUTHWEST/2488/Mosby/2739,ACG,KGPH,Commander 500-B|GC-500B (AERO COMMANDER)|LR-35A (LEARJET 35A)
CENTRAL HELICOPTER SERVICE,Japan,Toyama,1,37,medium,pending,,81 5 6839 1170,"1-1, HAYASHISAKI, TOYOBA, TOYOYAMA - CHO NISHIKASUGAI-GUN, AICHI, Japan, Email:",https://www.aircharterguide.com/Operator_Info/CENTRAL+HELICOPTER+SERVICE/100932/Toyama/71702,ACG,RJNT,150M|172N|172RG|206H|210B|35A|425|500-B|500-S|500-U|58|737-86N(BCF)|737-8Z9(BCF)|777-F|777-F1H|B200|BK-117|DA 40|DA20-C1|PA-34-200T|PC-24|PC-XII 47E
CENTRAL MOUNTAIN AIR,Canada,Hamilton,8,39,high,pending,https://www.centralmountain.com,866-731-7992,"6431 AIRPORT RD., SMITHERS, BC, Canada, Fax: 250 847 3744",https://www.aircharterguide.com/Operator_Info/CENTRAL+MOUNTAIN+AIR/96050/Hamilton/65136,ACG,CYHM,1900D (Beech)|BE-1900 (COMMUTER)|BE-1900D (COMMUTER)|DHC-8-100 (DASH 8)|DHC-8-102 (Dehavilland)|DHC-8-300 (DASH 8-300)|DHC-8-311 (Dehavilland)|DO-328|DORNIER 328-100 (Dornier)|De Havilland Canada Dash 8-100|De Havilland Canada Dash 8-300|PA-31-350 (Piper)|R44 (Robinson)
CHALLENGE AIRLINES ,Belgium,Liege,10,10,high,pending,,356 2713 7174,"LEVEL 5, SKYPARKS, BUSINESS CENTRE, MALTA INTL AIRPORT, LUQA, Malta",https://www.aircharterguide.com/Operator_Info/CHALLENGE+AIRLINES+/96277/Liege/65468,ACG,EBLG,B-747-400|B-747-400ERF|B-747-400F (BOEING)|B-767-300
CLEMSON AIR CHARTER LLC,United States,Anderson,1,2,medium,pending,https://clemsonair.com/,+18642767047; 864-276-7047,"5805 AIRPORT ROAD, ANDERSON, SC, United States, Email:",https://www.aircharterguide.com/Operator_Info/CLEMSON+AIR+CHARTER+LLC/100262/Anderson/70891,ACG,KAND,BE-58 (BARON)
DALLAS AERO & SALES,United States,Poplar,2,2,medium,pending,http://www.dallasaero.com/,+14067683800; 406-768-3800,"POPLAR ARPT., 128 AIRPORT RD., POPLAR, MT, United States",https://www.aircharterguide.com/Operator_Info/DALLAS+AERO+&+SALES/1605/Poplar/1771,ACG,PO1 ,CE-310Q (CESSNA 310)|CE-421C (GOLDEN EAGLE)
"DAVISAIR, INC.",United States,Charleston,1,6,medium,pending,,843-406-6800,"CHARLESTON INT'L ARPT., 6060 S. AVIATION AVE, N. CHARLESTON, SC, United States","https://www.aircharterguide.com/Operator_Info/DAVISAIR,+INC./97043/Charleston/66416",ACG,KLYH,BE-58 (BARON)|CE-525 (CITATION JET 1)|CE-525A (CITATION JET 2)|CE-550 (CITATION II)|CE-560-XL (CITATION EXCEL)|CE-560-XLS (CITATION XLS)
DIMONIM AIR ,Indonesia,Jakarta,2,8,medium,pending,,62 213 102 317,"JL. CIDURIAN NO. 6 CIKINI, CENTRAL JAKARTA, Indonesia, Email:",https://www.aircharterguide.com/Operator_Info/DIMONIM+AIR+/100903/Jakarta/71670,ACG,WIHH,AS-350B-2 (EUROCOPTER)|CE-208B (GRAND CARAVAN)|MI-171|PAC 750 XL (XSTOL)
DIX AVIATION LLC,United States,South Boston,1,2,medium,pending,,336-514-2724,"1145 TUCK AIRPORT ROAD, SOUTH BOSTON, VA, United States, Email:",https://www.aircharterguide.com/Operator_Info/DIX+AVIATION+LLC/100963/South+Boston/71735,ACG,W78 ,177B|BE-A36 (BONANZA)
DREAM FLY TAXI AEREO,Brazil,Sao Paulo,2,4,medium,pending,https://dreamfly.com.br/,55 11 2089 0729,"AVENIDA OLAVO FONTOURA - SETOR E - LOTE 6, HANGAR CASP SANTANA, SAO PAULO, Brazil",https://www.aircharterguide.com/Operator_Info/DREAM+FLY+TAXI+AEREO/100553/Sao+Paulo/71243,ACG,SBSP,AS-350B-3 (EUROCOPTER)|BE-C90 (KING AIR)|CE-208B (GRAND CARAVAN)|R-44
DUX EXPRESS TRANSPORTES AEREOS S.A.,Brazil,Sao Paulo,1,2,medium,pending,https://www.voeduxexpress.com/,+5513996521840; +551758054664; +552432436458; +552774789060; +552845059166; +553429499784; +553454796550; +553720235715; +553747709543; +553875665149; +554126610591; +554157208933; +554448697960; +555155408788; +556239890302; +556943219506; +556972518699; +557524709363; +557738270746; +557930561586; +557976164194; +558148066169; +558424424925; +559005925984; +559244929497; +559522522881; +559649123909; +559928115205; 55 11-4858-0691,"ALAMEDA VICENTE PINZON, 51, VILA OLIMPIA, SAO PAULO, Brazil",https://www.aircharterguide.com/Operator_Info/DUX+EXPRESS+TRANSPORTES+AEREOS+S.A./100783/Sao+Paulo/71535,ACG,SBSP,CE-208B (GRAND CARAVAN)
ENTERPRISE AIRLINES,Canada,Oshawa,1,1,medium,pending,,905-721-0054,"OSHAWA MUNL. ARPT., 1190 KEITH ROSS DRIVE, OSHAWA, ON, Canada",https://www.aircharterguide.com/Operator_Info/ENTERPRISE+AIRLINES/1218/Oshawa/1316,ACG,CYOO,DC-3
FLEET AIR INTERNATIONAL,Hungary,Budapest,10,14,high,pending,https://fleetair.eu/,36 1-445-3979,"VECSES FO. UT 218, BUDAPEST, Hungary, Email:",https://www.aircharterguide.com/Operator_Info/FLEET+AIR+INTERNATIONAL/100191/Budapest/70813,ACG,LHBP,AS-ATR42-320|AS-ATR72|AS-ATR72-200|AS-ATR72-202|ATR 42-320(F)|ATR 72-201(F)|ATR 72-202(F)
FLITEACCESS LLC,United States,Louisville,1,6,medium,pending,,502-991-2540,"914 LILY CREEK ROAD, SUITE 201, LOUISVILLE, KY, United States",https://www.aircharterguide.com/Operator_Info/FLITEACCESS+LLC/98199/Louisville/67805,ACG,KSDF,CE-525B (CITATION JET 3)|CE-550 (CITATION II)|CE-750 (CITATION X)
"FLORIDA AEROCHARTER, INC.",United States,Key West,3,3,high,pending,,305-923-4033,"3471 S. ROOSEVELT BLVD, KEY WEST, FL, United States, Email:","https://www.aircharterguide.com/Operator_Info/FLORIDA+AEROCHARTER,+INC./98544/Key+West/68259",ACG,KEYW,BN-2T (TURBINE ISLANDER)|P68C
FLY 7 EXECUTIVE AVIATION SA,Germany,Zweibrucken,4,30,high,pending,,41 21 552 2110,"AVENUE DU GREY 117, LAUSANNE, Switzerland, Email:",https://www.aircharterguide.com/Operator_Info/FLY+7+EXECUTIVE+AVIATION+SA/98694/Zweibrucken/68444,ACG,EDRZ,PC-12 (PILATUS)|PC-12/47E|PC-12NG|PC-24|SR22T
FLY ACROSS,Mexico,Monterrey,1,39,medium,pending,,52 55 5662 3100,"AEROPUERTO INTERNACIONAL DE TOLUCA, CALLE 6, LOTE 53, ZONA DE HANGARES, TOLUCA, Mexico",https://www.aircharterguide.com/Operator_Info/FLY+ACROSS/98319/Monterrey/67950,ACG,MMTO,45|505 Jet Ranger X|BD-5000-1A10 (GLOBAL 5000)|CE-208 (CARAVAN I)|CE-510 (MUSTANG)|CE-525B (CITATION JET 3)|CE-525C (CITATION JET 4)|CE-680 (CITATION SOVEREIGN)|Citation CJ4|Citation Sovereign|Citation XLS|EMB-500 (PHENOM 100)|EMB-505 (PHENOM 300)|EMB-550 (LEGACY 500)|HB-407GX|HB-429|HB-505 (JET RAN
FLY ALLIANCE,United States,Miami,3,19,high,pending,https://flyalliance.com/,+16723548599; +17144224847; 407-793-3046,"637 PALM DRIVE, OCOEE, FL, United States, Email:",https://www.aircharterguide.com/Operator_Info/FLY+ALLIANCE/99535/Miami/69525,ACG,KOPF,BD-700-1A10 (GLOBAL EXPRESS)|CE-560-XL (CITATION EXCEL)|CE-680A (LATITUDE)|G-IV (GULFSTREAM IV)|G-V (GULFSTREAM V)|HS-125-800XP (HAWKER 800XP)
"FLYUSA, INC.",United States,Tampa,1,7,medium,pending,https://flyusainc.applytojob.com/apply/,+12023122020; 864-501-2828,"380 PARK PLACE BLVD, SUITE 150, CLEARWATER, FL, United States","https://www.aircharterguide.com/Operator_Info/FLYUSA,+INC./775/Tampa/837",ACG,KTPA,CE-550 (CITATION II)|CE-560-U (CITATION ULTRA)|HS-125-800XP (HAWKER 800XP)|PC-12-45 (PILATUS)
"FREIGHT RUNNERS EXPRESS, INC.",United States,Milwaukee,19,32,high,pending,,414-744-5525,"MILWAUKEE MITCHELL INTL. ARPT., 6024 S. JASPER AVE, MILWAUKEE, WI, United States","https://www.aircharterguide.com/Operator_Info/FREIGHT+RUNNERS+EXPRESS,+INC./1795/Milwaukee/1989",ACG,KMKE,BE-99 (COMMUTER)|EMB-120|EMB-120ER|EMB-120ER (BRASILIA)|SAAB 2000|SF-2000 (COMMUTER)
GARUDA AIRLINES,Indonesia,Tangerang,1,1,medium,pending,,62 811 819 6144,"3RD FLOOR, MANAGEMENT BUILDING, CENGKARENG, BANTEN, TANGERANG, Indonesia",https://www.aircharterguide.com/Operator_Info/GARUDA+AIRLINES/100909/Tangerang/71679,ACG,WIRR,B-737-800 (B-737-800)
"GLOBAL AIR CHARTERS, INC.",United States,Chicago,2,4,medium,pending,https://www.globalaircharters.com/,844-212-5325 x1,"515 EATON ST, SUITE 603C, ST PAUL, MN, United States","https://www.aircharterguide.com/Operator_Info/GLOBAL+AIR+CHARTERS,+INC./97214/Chicago/66674",ACG,KMDW,G-IV (GULFSTREAM IV)|G-V (GULFSTREAM V)
"GRANT AVIATION, INC.",United States,Bethel,1,46,medium,pending,,+18667957597; 907-600-2595,"BETHEL ARPT., BETHEL, AK, United States, Fax: 907-543-5378","https://www.aircharterguide.com/Operator_Info/GRANT+AVIATION,+INC./618/Bethel/666",ACG,PABE,207|207 Stationair 8|207A|208 B|BE-200 (SUPER KING AIR)|BE-B200 (SUPER KING AIR)|CE-207A (STATIONAIRE 8)|CE-208B (GRAND CARAVAN)|CE-T207A (TURBO STATIONAIRE 8)|Chieftain|GA-8 (AIRVAN)|GA8|GA8 Airvan|GA8-TC-320|Grand Caravan|King Air B200|P2002 SIERRA|PA-31-350|PA-31-350 (CHIEFTAIN)|T207A
GREAT WESTERN AIR DBA CIRRUS AVIATION SERVICES LLC,United States,Las Vegas,1,21,medium,pending,,702-448-2366,"275 E. TROPICANA AVE., LAS VEGAS, NV, United States, Fax: 888-373-0196",https://www.aircharterguide.com/Operator_Info/GREAT+WESTERN+AIR+DBA+CIRRUS+AVIATION+SERVICES+LLC/97771/Las+Vegas/67323,ACG,KLAS,CE-560-XL (CITATION EXCEL)|CL-600 (CHALLENGER 600)|CL-604 (CHALLENGER 604)|G-550 (G-550)|HA-420 (HONDAJET)|HS-125-900XP|LR-45 (LEARJET 45)|LR-60 (LEARJET 60)|LR-60XR (LEARJET 60)
"GTA AIR, INC.",United States,Dallas,13,21,high,pending,https://gtaair.com/index.html,+14378559246; 800-217-0950,"15800 DOOLEY ROAD, SUITE 200, ADDISON, TX, United States","https://www.aircharterguide.com/Operator_Info/GTA+AIR,+INC./61320/Dallas/49558",ACG,KADS,210L Centurion|210M Centurion|401|402B|95-C55|A36|BE-36 (BONANZA)|BE-58 (BARON)|BE-A36 (BONANZA)|D55
HELITEAM SUED,Germany,Ingolstadt,2,4,medium,pending,,49 8171-4199-0,"INGOLSTADT-MANCHING AIRPORT, ZUR GENERAL AVIATION 2, MANCHING - BAVARIA, Germany",https://www.aircharterguide.com/Operator_Info/HELITEAM+SUED/3789/Ingolstadt/4414,ACG,ETSI,HB-206B (JETRANGER III)|HB-206B-3 (JETRANGER III)|HB-407GX|HB-427
HELIX FLUG GMBH,Germany,Stuttgart,7,7,high,pending,,49 7942 4481,"OHIENGER STR. 12, NEUENSTEIN, Germany, Fax: 49 7942 2069",https://www.aircharterguide.com/Operator_Info/HELIX+FLUG+GMBH/98498/Stuttgart/68194,ACG,EDDS,AS-350B (ECUREUIL)|AS-350B-2 (EUROCOPTER)|AS-350B-3 (EUROCOPTER)
IAS ITZEHOER AIRSERVICE GMBH,Germany,Itzehoe,1,3,medium,pending,,+494236980446; +494236983306; +497136276395; 49 482 6376 3361,"TOWERSTRASSE 20, HOHENLOCKSTEDT, Germany, Fax: 49 482 6376 3362",https://www.aircharterguide.com/Operator_Info/IAS+ITZEHOER+AIRSERVICE+GMBH/99712/Itzehoe/69719,ACG,EDHF,CE-208 (CARAVAN I)|Caravan 675|Grand Caravan EX
"IBC AIRWAYS, INC.",United States,Fort Lauderdale,3,19,high,pending,https://ibcairways.com/,+19548341700; 954-848-2300 (24,"500 SW 34TH ST., FT. LAUDERDALE, FL, United States, Fax: 954-359-1181","https://www.aircharterguide.com/Operator_Info/IBC+AIRWAYS,+INC./62/Fort+Lauderdale/56",ACG,KFLL,340A|340A(F)|340B(F)|EMB-145 (EMB-145)|ERJ-145 EP|ERJ-145XR|Metro II|SF-340B (COMMUTER)|SF340A
ICAR AIR D.O.O,Bosnia and Herzegovina,Tuzla,1,1,medium,pending,,387 35 247790,"KAZAN MAHALA 16/1, TUZLA, Bosnia and Herzegovina, Email:",https://www.aircharterguide.com/Operator_Info/ICAR+AIR+D.O.O/100533/Tuzla/71222,ACG,LQTZ,AS-ATR42-300
INDONESIA AIR TRANSPORT,Indonesia,Jakarta,1,5,medium,pending,https://indonesia-air.com/,+628112113080; +628112113090; 62 81818779955,"JL. MARSMA HARDADI MS - APRON SELATAN, HALIM PERDANA KUSUMA AIRPORT, JAKARTA, Indonesia",https://www.aircharterguide.com/Operator_Info/INDONESIA+AIR+TRANSPORT/1664/Jakarta/1842,ACG,WIHH,ATR 42 500|EMB-135BJ (LEGACY 600)|H155|Legacy 600
"JETFLITE, LTD.",Finland,Helsinki,1,5,medium,pending,,+3585047323447; 358-20-510-1900 (24,"SIIPITIE 5-7, VANTAA, Finland, Fax: 358-20-510-1900 (24hr)","https://www.aircharterguide.com/Operator_Info/JETFLITE,+LTD./1418/Helsinki/1556",ACG,EFHK,CL-600-2B16|CL-604 (CHALLENGER 604)|CL-650 (CHALLENGER 650)|DA-7X (FALCON 7X)|Gulfstream G150
"KUBICK AVIATION SERVICES, INC.",United States,Iron Mountain,1,2,medium,pending,https://kubickaviation.com/,+13397546783; +16039142403; +16039152512; +16039155543; +18135322152; +18323926306; +19063466440; +19067795500; 906-779-5500,"250 RIVERHILLS RD., KINGSFORD, MI, United States, Fax: flynorthairways@kubickaviation.com","https://www.aircharterguide.com/Operator_Info/KUBICK+AVIATION+SERVICES,+INC./99459/Iron+Mountain/69435",ACG,KIMT,CE-441 (CONQUEST II)|CE-525A (CITATION JET 2)
LOGANAIR,United Kingdom,Glasgow,4,71,high,pending,https://www.loganair.co.uk/,+441416429407; +443448002855; 44 141 642 9407,"LIGHTYEAR BLDG. 9 MARCHBURN DR., GLASGOW AIRPORT, PAISLEY, United Kingdom",https://www.aircharterguide.com/Operator_Info/LOGANAIR/400/Glasgow/421,ACG,EGPF,340B|42-500|42-600|72-500|72-500(F)|72-600|AS-ATR42-300|AS-ATR42-500|AS-ATR72|BN-2B-26 Islander|DHC-6-300 (TWIN OTTER)|DHC-6-300 Twin Otter|DHC-6-400 Twin Otter|EMB-145 (EMB-145)|ERJ-145EP|ERJ-145MP
LOHN AVIATION,Germany,Erfurt,13,17,high,pending,https://lohn-aviation.com/,49 6101 5814539,"WERFTHALLE G1, LIEBENSCHEID, RHEINLAND, Germany, Fax: 49 6101 6578303",https://www.aircharterguide.com/Operator_Info/LOHN+AVIATION/99774/Erfurt/69791,ACG,EDDP,A330|B-747-400F (BOEING)|D-40 (DIAMOND 40)|D-42|DA-7X (FALCON 7X)|DA-8X (FALCON 8X)|DA62|EMB-500 (PHENOM 100)|PA-34 (SENECA)|PC 12NGX (PC 12NGX)|PC-12NGX (PC-12NGX)|PC-24|TBM-900 (TBM-900)
LUFTTRANSPORT RW AS,Norway,Bodo,1,4,medium,pending,,47 7760 8300,"FLYPLASSVEIEN 96, TROMSO, Norway, Fax: 47 7760 8383",https://www.aircharterguide.com/Operator_Info/LUFTTRANSPORT+RW+AS/98659/Bodo/68382,ACG,ENBO,AW-139|DO-228
"M&N AVIATION, INC.",Puerto Rico,San Juan,1,6,medium,pending,,787-630-2662,"226 AVE JOSE A. TONY SANTANA, EAST RAMP CENTER SECTOR, LUIS MUNOZ MARIN INTL, CAROLINE, Puerto Rico","https://www.aircharterguide.com/Operator_Info/M&N+AVIATION,+INC./2446/San+Juan/2689",ACG,TJSJ,208 B|CE-208 EX (GRAND CARAVAN)|CE-208B (GRAND CARAVAN)|CE-650-VII (CITATION VII)|DA-900EX (FALCON 900EX)|MU-2
"MACH ONE AIR CHARTERS, INC.",United States,Chino,2,6,medium,pending,,909-597-8461,"7000 MERRILL AVE, CHINO, CA, United States, Fax: 909-597-7662","https://www.aircharterguide.com/Operator_Info/MACH+ONE+AIR+CHARTERS,+INC./96514/Chino/65780",ACG,KCNO,CE-560-XL (CITATION EXCEL)|CE-560-XLS (CITATION XLS)|G-200 (GULFSTREAM 200)|G-IV (GULFSTREAM IV)
MACHJET INTERNATIONAL PTY LTD,Australia,Brisbane,1,10,medium,pending,,61 428 756 929,"14 FRIENDSHIP AVE., MARCOOLA, QLD, Australia, Email:",https://www.aircharterguide.com/Operator_Info/MACHJET+INTERNATIONAL+PTY+LTD/99956/Brisbane/69988,ACG,YBBN,BE-200 (SUPER KING AIR)|BE-200C (SUPER KING AIR)|CE-525 (CITATION JET 1)|CE-525A (CITATION JET 2)|CE-525C (CITATION JET 4)
MAERSK AIR CARGO,Denmark,Copenhagen,19,30,high,pending,,45 70716341,"BREDSKIFTE ALLE 13, AARHUS, Denmark, Email:",https://www.aircharterguide.com/Operator_Info/MAERSK+AIR+CARGO/98753/Copenhagen/68523,ACG,EKCH,767-204(BDSF)|767-25E(BDSF)|767-300F|767-3P6(ER)(BDSF)|777-F|B-747-200|B-767-200|B-767-300|B-777
MARC AIR,United States,Minden,2,5,medium,pending,https://marc-airc.com/,+16615090863; +16622864932; +16622865374; +16622871845; +16622882654; +16622897468; +16623191126; +16623202242; +16626190737; +16627334977; +16627335052; +16627863208; +17376128536; +17376134300; +17376183678; +17376184893; +17376189202; +17376189975; +17376190935; +17376191854; +17376230160; +17376230396; +17376230541; +17376230675; +17376232908; +17376233593; +17376233779; +17376235514; +17376242851; +17376243046; +17376243230; +17376246117; +17376246278; +17376249939; +17376250078; +17376250476; +17376250581; +17376252315; +17376252524; +17376252824; +17376252983; +17376253885; +17376255054; +17376255307; +17376255723; +17376255885; +17376257942; +17376258172; +17377033873; +17377036719; +17739053903; 805-782-8111,"421 CORIE COURT, GARDNERVILLE, NV, United States, Fax: 805-541-8047",https://www.aircharterguide.com/Operator_Info/MARC+AIR/1860/Minden/2057,ACG,KSMX,PA-46-701TP (M700 FURY)|PC-12-45 (PILATUS)|PC-12-47E (PILATUS)
MARTINAIR,Netherlands,Amsterdam,4,6,high,pending,https://www.martinair.com/,31 20 648 8000,"HOLLAND NV, PIET GUILANARDWEG 17, EE SCHIPHOL, Netherlands",https://www.aircharterguide.com/Operator_Info/MARTINAIR/360/Amsterdam/377,ACG,EHAM,747-412(BCF)|B-747-400|M20J
"MCMAHON HELICOPTER SERVICES, INC.",United States,Plymouth,1,3,medium,pending,,734-459-5980,"8170 N LILLEY ROAD, CANTON, MI, United States, Email:","https://www.aircharterguide.com/Operator_Info/MCMAHON+HELICOPTER+SERVICES,+INC./852/Plymouth/925",ACG,1D2,HB-430
MYWAY AIRLINES CO,Georgia,Tbilisi,1,1,medium,pending,https://mywayairlines.com/,995 322 242000,"SEA PLAZA, VARKETILI IV M/D, TBILISI, Georgia",https://www.aircharterguide.com/Operator_Info/MYWAY+AIRLINES+CO/100549/Tbilisi/71239,ACG,UGTB,B-737-700
NATIONAL AIRLINES,United States,Orlando,8,8,high,pending,https://www.nationalairlines.com/,+14072836204; +14073132255; +17166310011; +17166319186; +17166772661; +18006350022; 407-283-6288 (,"5955 TG LEE BLVD, CITADEL II BLDG., SUITE 500, ORLANDO, FL, United States",https://www.aircharterguide.com/Operator_Info/NATIONAL+AIRLINES/1908/Orlando/2108,ACG,KMCO,B-747-400
NATIONAL JET EXPRESS,Australia,Perth,4,24,high,pending,https://www.national-express.com,61 8 6285 2800,"26 VALENTINE ROAD, PERTH DOMESTIC AIRPORT, PERTH, Australia",https://www.aircharterguide.com/Operator_Info/NATIONAL+JET+EXPRESS/576/Perth/619,ACG,YPPH,AVRO 146-RJ100|AVRO 146-RJ85|BAE 146 SERIES 300|BAE 146-300|BAE-146-300|DHC-8-400 (DASH 8-400)|DHC-8-400Q (DASH 8-Q400)|DHC-8-402|EMB-190 (LINEAGE 1000)|Legacy 600
NAURU AIRLINES,Australia,Brisbane,2,13,medium,pending,,61 7322 96455,"LEVEL 2, 99 CREEK STREET, BRISBANE, Australia",https://www.aircharterguide.com/Operator_Info/NAURU+AIRLINES/100685/Brisbane/71417,ACG,YBBN,737-319|737-319(SF)|737-36N|737-3U3(SF)|737-79L|737-83N|737-86N(SF)|B-737-300 (BOEING 737)|B-737-300F|B-737-700|B-737-800 (B-737-800)
"NEXGEN FLIGHT SOLUTIONS, LLC",United States,Washington,1,2,medium,pending,,703-268-5700,"9425 JET LANE, EASTON, MD, United States, Email:","https://www.aircharterguide.com/Operator_Info/NEXGEN+FLIGHT+SOLUTIONS,+LLC/99961/Washington/69993",ACG,KIAD,407GX|BD-700-1A10 (GLOBAL EXPRESS)
"NORTH CENTRAL AVIATION, INC.",United States,Minneapolis,2,4,medium,pending,,651-301-8890,"670 COUNTY RD. B WEST, ST. PAUL, MN, United States, Fax: 651-344-0809","https://www.aircharterguide.com/Operator_Info/NORTH+CENTRAL+AVIATION,+INC./15689/Minneapolis/16941",ACG,KANE,BE-300B (SUPER KING AIR)|CE-560-XL (CITATION EXCEL)|CE-560-XLS+ (Citation XLS+)|PC-12-47 (PILATUS)
NORTHERN AIR,Fiji,Nausori,1,3,medium,pending,https://northernairsystems.com/,+12257718154; +15855945050; 679 9922449,"NORTHERN AIR SERVICES CHARTER LTD/SPATI, NAUSORI AIRPORT, HANGER 2, HANGER ROAD, NAUSORI, Fiji",https://www.aircharterguide.com/Operator_Info/NORTHERN+AIR/100860/Nausori/71627,ACG,NFNA,BN-2A (ISLANDER)|EMB-110 (BANDEIRANTE)
"NORTHERN AIR CARGO, INC.",United States,Anchorage,8,8,high,pending,,907-243-3331,"50 ELLIOTT STREET, HONOLULU, HI, United States, Fax: 808-836-5159","https://www.aircharterguide.com/Operator_Info/NORTHERN+AIR+CARGO,+INC./3113/Anchorage/70389",ACG,PHNL,B-737-300 (BOEING 737)|B-767-300
P&N FLIGHT AND CHARTER,United States,Cedar Rapids,1,1,medium,pending,,319-377-0457,"3425 BEECH WAY SW, CEDAR RAPIDS, IA, United States, Email:",https://www.aircharterguide.com/Operator_Info/P&N+FLIGHT+AND+CHARTER/99532/Cedar+Rapids/69522,ACG,KCID,PA-46 (MALIBU)
PAMBELE AVIATION,South Africa,Johannesburg,1,4,medium,pending,,27 11 805 0652,"GRAND CENTRAL ARPT., NEW RD., 1ST FLOOR, TERMINAL BLDG., MIDRAND, GAUTENG, South Africa",https://www.aircharterguide.com/Operator_Info/PAMBELE+AVIATION/97258/Johannesburg/66718,ACG,FALA,BE-200 (SUPER KING AIR)|BE-300 (SUPER KING AIR 300)|CE-208B (GRAND CARAVAN)|PA-34-220 (SENECA)
PANH HELICOPTERS,Russian Federation,Magadan,21,35,high,pending,,7 861 2556975,"INTERNATIONAL AIRPORT KRASNODAR, AEROPORTOVSKIY PROEZD, KRASNODAR, Russian Federation",https://www.aircharterguide.com/Operator_Info/PANH+HELICOPTERS/98398/Magadan/68058,ACG,URKK,An-2|An-2 R|BK-117|EC-135T-2 (EUROCOPTER)|KA-32 (KAMOV)|KA-32S|KA-32T|MI-26|MI-8|MI-8-MTV1|MI-8-PS9|MI-8T|Mi-8 MTV-1
PECOTOX AIR,Moldova,Chisinau,1,1,medium,pending,,373 22 523670,"259/10 GRENOBLE STREET, CHISINAU, Moldova, Email:",https://www.aircharterguide.com/Operator_Info/PECOTOX+AIR/101070/Chisinau/71871,ACG,LUKK,B-747-400F (BOEING)
"PEGASUS ELITE AVIATION, INC.",United Kingdom,Luton,2,10,medium,pending,,+1 818-742-6666,"7943 WOODLEY AVE., VAN NUYS, CA, United States, Fax: +1 818-474-7437","https://www.aircharterguide.com/Operator_Info/PEGASUS+ELITE+AVIATION,+INC./98086/Luton/67675",ACG,KVNY,BD-700-1A11 (GLOBAL EXPRESS)|G-650|G-650ER|G-IV (GULFSTREAM IV)|G-V (GULFSTREAM V)
"PLANEMASTERS, LTD.",United States,Chicago,10,13,high,pending,,630-513-2100,"32 W. 611 TOWER RD., DUPAGE ARPT., WEST CHICAGO, IL, United States","https://www.aircharterguide.com/Operator_Info/PLANEMASTERS,+LTD./1186/Chicago/1282",ACG,KDPA,BE-1900 (COMMUTER)|BE-1900C (COMMUTER)|BE-300B (SUPER KING AIR)|CE-208B (GRAND CARAVAN)|CE-650 (CITATION III)|PC-12-45 (PILATUS)
PNG AIR,Papua New Guinea,Port Moresby,4,12,high,pending,https://pngair.com.pg/,675 7373-7161,"JACKSONS DOMESTIC AIRPORT, 7 MILE, PORT MORESBY, Papua New Guinea, Email:",https://www.aircharterguide.com/Operator_Info/PNG+AIR/2078/Port+Moresby/2303,ACG,AYPY,AS-ATR72|AS-ATR72-600|DHC-8 (DASH 8)|DHC-8-100 (DASH 8)
POSTE AIR CARGO S.R.L.,Italy,Rome,6,6,high,pending,,39 06 96663333,"VIALE EUROPA, 190, ROME, Italy, Fax: 39 06 98682598",https://www.aircharterguide.com/Operator_Info/POSTE+AIR+CARGO+S.R.L./1689/Rome/1868,ACG,LIRA,B-737-400|B-737-800 (B-737-800)
"PRIORITY AIR CHARTER, LLC",United States,Kidron,4,13,high,pending,,330-698-4604,"STOLTZFUS AIRFIELD, 11234 HACKETT RD., APPLE CREEK, OH, United States","https://www.aircharterguide.com/Operator_Info/PRIORITY+AIR+CHARTER,+LLC/2047/Kidron/2263",ACG,OH22,208 B|208B|C-12R Huron|C-12T2 Huron|CE-208B (GRAND CARAVAN)|DC3C|DC3C-S1C3G|Hawker Beechcraft Corp C-12V-1 Huron|PC-12-45 (PILATUS)|PC-XII 45|RC-12X Huron
"PRISMJET, LLC",United States,Scottsdale,1,5,medium,pending,,480-426-8180,"15003 N AIRPORT DRIVE, SCOTTSDALE, AZ, United States, Email:","https://www.aircharterguide.com/Operator_Info/PRISMJET,+LLC/100703/Scottsdale/71435",ACG,KSDL,BD-100-1A10 (CHALLENGER 300)|BD-100-1A10 (CHALLENGER 350)|CL-604 (CHALLENGER 604)|LR-45 (LEARJET 45)
PRIVILEGE STYLE,Spain,Madrid,1,9,medium,pending,https://www.privilegestyle.com/,34 971 607280,"CAMI SON FANGOS, 100. EDIF A 3 7A, PALMA DE MALLORCA, Spain, Email:",https://www.aircharterguide.com/Operator_Info/PRIVILEGE+STYLE/99350/Madrid/69300,ACG,LEMD,757 256|777-219(ER)|A321|A321-231|A330-243|B-757-200|B-767-300ER|B-777
QUIKCHARTER,United States,San Jose,3,3,high,pending,https://quikcharter.com/charter-aircraft/,+14085385316; +18889087845; 888-908-7845,"P.O. BOX 54031, SAN JOSE, CA, United States, Email:",https://www.aircharterguide.com/Operator_Info/QUIKCHARTER/99720/San+Jose/69727,ACG,KSJC,EMB-500 (PHENOM 100)|PA-46-500TP (MALIBU MERIDIAN)|SR-22 (SR-22)
RABER FLIGHT SERVICES LLC,United States,Denver,2,3,medium,pending,,720-980-5842,"8201 SOUTH INTERPORT BLVD, ENGLEWOOD, CO, United States, Email:",https://www.aircharterguide.com/Operator_Info/RABER+FLIGHT+SERVICES+LLC/99454/Denver/69430,ACG,KAPA,CE-441 (CONQUEST II)|CE-501 (CITATION)|CE-560 (CITATION V)
REDTAIL AVIATION,United States,Moab,2,4,medium,pending,,425-239-1133,"CANYONLANDS FIELD REGIONAL AIRPORT, 4 WEST AVIATION WAY, MOAB, UT, United States",https://www.aircharterguide.com/Operator_Info/REDTAIL+AVIATION/1209/Moab/1307,ACG,KPUC,CE-172N (SKYHAWK 100)|CE-T207A (TURBO STATIONAIRE 8)|GA-8 (AIRVAN)|K-100 (KODIAK-100)
RESILIENCE AVIATION,South Africa,Johannesburg,6,11,high,pending,https://resilienceaviation.com/,+27114672990; 27 11-4672-990,"ONE-ON-NINTH, CNR GLENHOVE & OXFORD STREET, JOHANNESBURG, South Africa",https://www.aircharterguide.com/Operator_Info/RESILIENCE+AVIATION/99421/Johannesburg/69396,ACG,FALA,BE-1900C (COMMUTER)|BE-1900D (COMMUTER)|BE-200 (SUPER KING AIR)|CE-208 EX (GRAND CARAVAN)|CE-208B (GRAND CARAVAN)|HS-125-4000 (HAWKER 4000)
REVEN GLOBAL TRANSPOR,Indonesia,Timika,3,3,high,pending,,62 812 400 3511,"BANDARA MOSES KILANGIN INTL AIRPORT, JL.AHMAD YANI NO. 20 MIMIKA, TIMIKA-PAPUA, Indonesia",https://www.aircharterguide.com/Operator_Info/REVEN+GLOBAL+TRANSPOR/100911/Timika/71681,ACG,WAYY,CE-208 (CARAVAN I)
"RIDGELINE AVIATION, INC",United States,Cordova,1,3,medium,pending,https://www.ridgelineaviation.com/,907-424-6966,"MILE 13 COPPER RIVER HIGHWAY, CORDOVA, AK, United States, Email:","https://www.aircharterguide.com/Operator_Info/RIDGELINE+AVIATION,+INC/98405/Cordova/68065",ACG,PACV,AS-350 (ASTAR)|CE-170B|R-66
RIMBUN ABADI AVIASI,Indonesia,Bandung,7,7,high,pending,,+625196679693; 62 21 38777385,"JL. PENYELESAIAN TOMANG 1, BLOK 16 NO.29, MERUYA UTARA, KAMBANGAN, JAKARTA, Indonesia",https://www.aircharterguide.com/Operator_Info/RIMBUN+ABADI+AVIASI/100912/Bandung/71682,ACG,WIII,AS-ATR72-600|B-737-300 (BOEING 737)|B-737-800 (B-737-800)|DHC-6 (TWIN OTTER)
SAN MARINO EXECUTIVE AVIATION (SMEA),Belgium,Liege,1,3,medium,pending,,90 212 603 6330,"VIA CA DEI LUNGHI, NO 4, CAILUNGO, San Marino",https://www.aircharterguide.com/Operator_Info/SAN+MARINO+EXECUTIVE+AVIATION+(SMEA)/100285/Liege/70914,ACG,EBLG,A300-600|A330-300
SEARCA S.A. (SERVICIO AEREO DE CAPURGANA),Colombia,Bogota,3,16,high,pending,,57 1-413 5626,"ENTRADA 6 VIA CATAM, HANGAR 36, BOGOTA, Colombia",https://www.aircharterguide.com/Operator_Info/SEARCA+S.A.+(SERVICIO+AEREO+DE+CAPURGANA)/35579/Bogota/21938,ACG,SKBO,BE-1900 (COMMUTER)|BE-1900C (COMMUTER)|BE-1900D (COMMUTER)|BE-400A (BEECHJET)|G-200 (GULFSTREAM 200)|LET-410
SEATTLE AIRCRAFT CHARTER,United States,Trenton,1,1,medium,pending,https://seattleaircraftcharter.com/,833-953-8759,"750 W PERIMETER ROAD, RENTON, WA, United States, Email:",https://www.aircharterguide.com/Operator_Info/SEATTLE+AIRCRAFT+CHARTER/100390/Trenton/71053,ACG,KTRX,PC-12-45 (PILATUS)
SILICON VALLEY EXPRESS,United States,San Jose,1,1,medium,pending,https://siliconvalleyexpress.com/,+14082920677; 831-588-2436,"1250 AVIATION AVE, #105, SAN JOSE, CA, United States",https://www.aircharterguide.com/Operator_Info/SILICON+VALLEY+EXPRESS/100386/San+Jose/71049,ACG,KSJC,DA-2000 (FALCON 2000)
SILK WAY WEST AIRLINES,Azerbaijan,Baku,14,31,high,pending,https://www.silkwaywest.com,994 12 437 4888,"HEYDAR ALIYEV INTL' ARPT., BAKU, Azerbaijan, Fax: 994 12 497 1038",https://www.aircharterguide.com/Operator_Info/SILK+WAY+WEST+AIRLINES/97140/Baku/66528,ACG,UBBB,747-467F|747-4H6(F)|747-4R7F|747-83QF|777-F|B-747-400|B-747-400F (BOEING)|B-747-8F|B-777|Boeing 747-4H6(F)|Boeing 747-4H6F
SKA INTERNATIONAL GROUP,United Arab Emirates,Jebel Ali,1,1,medium,pending,,971 4884-0800,"28TH FLOOR, JBC4, CLUSTER N, DUBAI, United Arab Emirates",https://www.aircharterguide.com/Operator_Info/SKA+INTERNATIONAL+GROUP/100263/Jebel+Ali/70892,ACG,OMDW,FK-70
SKY HIGH AVIATION,Dominican Republic,Santo Domingo,3,8,high,pending,https://www.skyhigh.aero,+1 809 591 4412; +18095914412,"RUTA 66 SALIDA DEL AEROPUERTO LAS AMERICASE, SANTO DOMINGO, Dominican Republic, Email:",https://www.aircharterguide.com/Operator_Info/SKY+HIGH+AVIATION/100541/Santo+Domingo/71230,ACG,MDSD,B-737-300F|B-737-400F|EMB-190 (LINEAGE 1000)|Embraer ERJ-145LR
SOLINAIR D.O.O. SECOVLJE,Slovenia,Ljubljana,2,2,medium,pending,,386 4-236-6040,"ZGORNI BRNIK 130T, BRNIK, Slovenia, Fax: 386 4-236-6041",https://www.aircharterguide.com/Operator_Info/SOLINAIR+D.O.O.+SECOVLJE/2186/Ljubljana/2413,ACG,LJLJ,A300-600
SONRISE AVIATION,United States,Portland,2,6,medium,pending,https://sonriseaviation.com/,+18007174200; 260-766-4548,"PORTLAND MUNICIPAL AIRPORT, 547 W 100 N, PORTLAND, IN, United States",https://www.aircharterguide.com/Operator_Info/SONRISE+AVIATION/100380/Portland/71043,ACG,KPLD,CE-310R (CESSNA 310)|CE-404 (TITAN)
"SOUTH AERO, INC.",United States,Albuquerque,13,13,high,pending,https://southaeroinc.com/,+15058424337; 505-842-4337,"2502 CLARK CARR LOOP S.E. HANGAR A-2, ALBUQUERQUE, NM, United States, Email:","https://www.aircharterguide.com/Operator_Info/SOUTH+AERO,+INC./96399/Albuquerque/65608",ACG,KABQ,CE-208B (GRAND CARAVAN)|CE-402C (BUSINESS/UTILINER)|CE-404 (TITAN)
SPICE JET,India,Delhi,1,5,medium,pending,https://www.spicejet.com/,91 124 4983410,"319 UDYOG VIHAR, PHASE IV, GURGAON, HARYANA, India",https://www.aircharterguide.com/Operator_Info/SPICE+JET/100298/Delhi/70927,ACG,VIDP,B-737-700|B-737-800 (B-737-800)|DHC-8-400 (DASH 8-400)
STAR AVIATION,Algeria,Hassi Messaoud,3,25,high,pending,https://staraviationservices.com/about-us/,213 29 73 0 122,"BP 509 ROUTE IN AMENAS, HASSI MESSAOUD, OURGLA, Algeria, Email:",https://www.aircharterguide.com/Operator_Info/STAR+AVIATION/99843/Hassi+Messaoud/69864,ACG,DAUH,172L|200|414A|A.109 A Mk.II|B200 King Air|BE-200 (SUPER KING AIR)|Beech 1900 D|CE-525A (CITATION JET 2)|CE-560-XLS+ (Citation XLS+)|Citation CJ2+|Citation XLS+|DHC-6 (TWIN OTTER)|DHC-6 Twin Otter 300|DHC-6 Twin Otter 310|PA-31-350 (CHIEFTAIN)|T206H
"STAR MARIANAS AIR, INC",Northern Mariana Islands,Tinian I,2,13,medium,pending,https://www.starmarianasair.com/,+16704339989; +16704339994; 670-433-9996,"WEST TINIAN INTERNATIONAL AIRPORT, HANGAR ONE - BOX 520461, TINIAN, Northern Mariana Islands","https://www.aircharterguide.com/Operator_Info/STAR+MARIANAS+AIR,+INC/98361/Tinian+I/68002",ACG,PGWT,PA-31-350 (CHIEFTAIN)|PA-32-300 (CHEROKEE SIX)
SUMMIT AIR CHARTERS LIMITED PARTNERSHIP,Canada,Yellowknife,8,23,high,pending,https://flysummitair.com/,+16823752700; +16823752728; 867-873-4464,"27 YELLOWKNIFE AIRPORT, 100 DICKINS STREET, YELLOWKNIFE, NT, Canada",https://www.aircharterguide.com/Operator_Info/SUMMIT+AIR+CHARTERS+LIMITED+PARTNERSHIP/96252/Yellowknife/65443,ACG,CYZF,AS-ATR72-200|BAE-146/RJ100 (AVRO)|BAE-146/RJ85 (AVRO)|DHC-8-100 (DASH 8)|DHC-8-300 (DASH 8-300)|DO-228|SC7 (SKYVAN)
"SUNWEST AVIATION, LTD.",Canada,Calgary,8,23,high,pending,https://www.sunwestaviation.ca/,+14032755900; +14032758121; +18882914566; 403-275-8121,"217 AERO COURT NE, CALGARY, AB, Canada, Fax: 403-275-5900","https://www.aircharterguide.com/Operator_Info/SUNWEST+AVIATION,+LTD./375/Calgary/394",ACG,CYYC,BD-100-1A10 (CHALLENGER 300)|BD-100-1A10 (CHALLENGER 350)|BD-100-1A10 (CL-3500)|BE-1900D (COMMUTER)|BE-200 (SUPER KING AIR)|BE-350 (SUPER KING AIR)|CE-560-XL (CITATION EXCEL)|CL-604 (CHALLENGER 604)|CL-605 (CHALLENGER 605)|DHC-8-200Q (DASH 8 200Q)|DHC-8-300Q (DASH 8 300Q)|G-150 (GULFSTREAM 150)|G-65
SURJET CHARTER,United States,Fort Lauderdale,4,4,high,pending,https://surjet-charter-llc.careerplug.com/,954-874-0955,"1900 EXECUTIVE AIRPORT WAY, FORT LAUDERDALE, FL, United States, Email:",https://www.aircharterguide.com/Operator_Info/SURJET+CHARTER/96239/Fort+Lauderdale/65429,ACG,KFXE,G-280|G-V (GULFSTREAM V)|LR-45 (LEARJET 45)
SWISS HELICOPTER AG,Switzerland,Gruyeres,11,29,high,pending,https://swisshelicopter.ch/EN/,41 81 2526344,"HARTBERTSTR. 11, CHUR, Switzerland, Fax: 41 81 2527158",https://www.aircharterguide.com/Operator_Info/SWISS+HELICOPTER+AG/98500/Gruyeres/68196,ACG,LSGT,AS 350 B3|AS-350B-3 (EUROCOPTER)|EC 130 T2|EC-120-B (COLIBRI)|EC-130 T2
"TALKEETNA AIR TAXI, INC.",United States,Talkeetna,1,10,medium,pending,,907-733-2218,"TALKEETNA STATE ARPT., 14212 E. 2ND STREET, TALKEETNA, AK, United States","https://www.aircharterguide.com/Operator_Info/TALKEETNA+AIR+TAXI,+INC./624/Talkeetna/676",ACG,PATK,CE-185A (SKYWAGON)|DHC-3T (TURBO OTTER)|R-44 II
TRANSNORTHERN AVIATION,United States,Anchorage,3,8,high,pending,,907-245-1879,"3350 OLD INTERNATIONAL AIRPORT RD., ANCHORAGE, AK, United States, Fax: 907-245-1878",https://www.aircharterguide.com/Operator_Info/TRANSNORTHERN+AVIATION/97527/Anchorage/67018,ACG,PANC,BE-18 (BEECH 18)|BE-200 (SUPER KING AIR)|DC-3R4D (SUPER DC-3)|SUPER R4D-8|SW-227AC (METRO III/EXPEDITOR)
TRAVIAN FLIGHT SERVICES PVT. LTD.,India,Ahmedabad,2,2,medium,pending,,91 484 4035020,"2ND FLOOR, SARATHY ENCLAVE, 1ST CROSS, CHERUPARAMBATH ROAD, KADAVANTHRA KOCHI, India",https://www.aircharterguide.com/Operator_Info/TRAVIAN+FLIGHT+SERVICES+PVT.+LTD./100343/Ahmedabad/70997,ACG,VAAH,CE-525A (CITATION JET 2)|G-150 (GULFSTREAM 150)
"USA JET AIRLINES, INC.",United States,Detroit,12,28,high,pending,https://usajet.aero/company-history/,+13307047410; +17345477200; 734-547-7200,"WILLOW RUN ARPT., 2068 E ST., BELLEVILLE, MI, United States","https://www.aircharterguide.com/Operator_Info/USA+JET+AIRLINES,+INC./2450/Detroit/2693",ACG,KYIP,727-223(F)|727-225|DA-20 (FALCON 20)|DA-20-D (FALCON 20)|DA-20-E (FALCON 20)|DC-9-15F|DC-9-32F|DC-9-33F|DC-9-83(MD-83)|FALCON 20|FAN JET FALCON|MD-83SF|MD-88|MD-88(SF)
VALAIR PRIVATE JETS,Portugal,Cascais,3,4,high,pending,https://www.valairprivatejets.com/en/valair/,351 21 4450695,"AERODROMO MUNICIPAL DE CASCAIS, HANGAR 4, TIRES, Portugal",https://www.aircharterguide.com/Operator_Info/VALAIR+PRIVATE+JETS/97646/Cascais/67159,ACG,LPCS,CE-525 (CITATION JET 1)|CE-525B (CITATION JET 3)
VALAN INTERNATIONAL CARGO CHARTER,Moldova,Chisinau,6,8,high,pending,,373 22 84 3399,"CHISINAU INT'L AIRPORT, BD. DACIA 60/13, CHISINAU, Moldova",https://www.aircharterguide.com/Operator_Info/VALAN+INTERNATIONAL+CARGO+CHARTER/99088/Chisinau/68917,ACG,LUKK,An-26 100|An-32 B|MI-8-MTV1
VAN AIR EUROPE A.S.,Czech Republic,Brno,2,5,medium,pending,https://www.vanair.aero/,420 5 455 21240,"BRNO AIRPORT, BRNO, Czech Republic, Fax: 420 5 455 21242",https://www.aircharterguide.com/Operator_Info/VAN+AIR+EUROPE+A.S./97874/Brno/67437,ACG,LKTB,L-410 UVP-E9 Turbolet|LET-410|Let L-410 Turbolet
"VENTURA AIR SERVICES, INC.",United States,Miami,1,11,medium,pending,,631-756-5500,"2630 ELM HILL PIKE, SUITE 325, NASHVILLE, TN, United States","https://www.aircharterguide.com/Operator_Info/VENTURA+AIR+SERVICES,+INC./2785/Miami/3049",ACG,KOPF,CE-560-XL (CITATION EXCEL)|CL-604 (CHALLENGER 604)|CL-605 (CHALLENGER 605)
VISTAJET LTD.,Nigeria,Abuja,1,48,medium,pending,,44 203 617 3106,"51/52 CHARLES ST., MAYFAIR, LONDON, United Kingdom",https://www.aircharterguide.com/Operator_Info/VISTAJET+LTD./96564/Abuja/65858,ACG,EDDM,BD-100-1A10 (CHALLENGER 350)|BD-6000-1A10 (GLOBAL 6000)|CL-605 (CHALLENGER 605)|CL-850 (CHALLENGER)
WARSAW CARGO,Poland,Warsaw,1,2,medium,pending,,48 509 563 533,"PLAC BANKOWY 2, WARSAW, Poland, Email:",https://www.aircharterguide.com/Operator_Info/WARSAW+CARGO/101091/Warsaw/71896,ACG,EPWA,A321-231|A321-232(PCF)
WASAYA AIRWAYS LP,Canada,Pickle Lake,5,13,high,pending,,807-473-1200,"201 KELNER PLACE, THUNDER BAY, ON, Canada, Fax: 807-623-8134",https://www.aircharterguide.com/Operator_Info/WASAYA+AIRWAYS+LP/328/Pickle+Lake/341,ACG,CYPL,AS-ATR42-320|AS-ATR72-212|BE-1900D (COMMUTER)|CE-208B (GRAND CARAVAN)|DHC-8-100 (DASH 8)|DHC-8-300 (DASH 8-300)|PC-12-45 (PILATUS)
WEST ATLANTIC,United Kingdom,East Midlands,16,34,high,pending,,44 2476-882649,"OSPREY HOUSE, 5 HUNTER ROAD, PEGASUS BUSINESS PARK EAST, CASTLE DONINGTON, United Kingdom",https://www.aircharterguide.com/Operator_Info/WEST+ATLANTIC/2321/East+Midlands/2552,ACG,EGNX,72-211(F)|737-43Q(SF)|737-46J(SF)|737-476(SF)|737-4C9(SF)|737-83N(BCF)|737-86N(BCF)|737-8F2(BCF)|AS-ATR72|ATR 72-212(F)|ATR72-211(F)|B-737-300 (BOEING 737)|B-737-400F|B-737-800 (B-737-800)|Boeing 737-436(SF)|Boeing 737-4K5(SF)|Boeing 737-83N(BCF)|Boeing 737-83NBCF (W)|Boeing 737-8Q8(SF)
WESTAIR CHARTER,United States,Boise,3,3,high,pending,,208-338-1853,"4300 S. KENNEDY ST., BOISE, ID, United States, Fax: 208-908-0678",https://www.aircharterguide.com/Operator_Info/WESTAIR+CHARTER/10854/Boise/11967,ACG,KBOI,PC-12-47E (PILATUS)|PC-24
"WESTERN AVIATION MANAGEMENT, INC.",United States,La Verne,2,2,medium,pending,,909-228-3518,"69 QUIET HILLS RD., POMONA, CA, United States, Fax: 877-623-6148","https://www.aircharterguide.com/Operator_Info/WESTERN+AVIATION+MANAGEMENT,+INC./1788/La+Verne/1982",ACG,KPOC,CE-310Q (CESSNA 310)|CE-421B (GOLDEN EAGLE)
"WESTWIND HELICOPTERS, INC.",United States,Houston,1,15,medium,pending,,409-925-7300,"8426 FM 2004, SANTA FE, TX, United States, Fax: 409-925-4433","https://www.aircharterguide.com/Operator_Info/WESTWIND+HELICOPTERS,+INC./1635/Houston/1805",ACG,KLHM,HB-206-B (JETRANGER)|HB-206L-4 (LONGRANGER IV)|HB-407 (TEXTRON)|SK-76C+
YAKUTIA AIRLINES,Russian Federation,Yakutsk,1,19,medium,pending,,7 4112 443303,"BYKOVSKOGO STR. 9, YAKUTSK - SAKHA REPUBLIC, Russian Federation, Fax: 7 4112 443060",https://www.aircharterguide.com/Operator_Info/YAKUTIA+AIRLINES/96336/Yakutsk/65545,ACG,UEEE,737-76N|737-76N (W)|737-7CT|737-86N|737-8Q8|B-737-700|B-737-800 (B-737-800)|DHC-8-300 (DASH 8-300)|Dash 8-300|SBJ-100|SSJ-100 (SUPERJET)|SuperJet 100-95LR|Superjet 100-95LR
ZHEZKAZGAN AIR,Kazakhstan,Almaty,1,1,medium,pending,https://www.zhezkazganair.ru/,7 710 274 57 50,"M40M7E6, ACCOUNTING QUARTER 067, BUILDING 60, USHTOBI, Kazakhstan",https://www.aircharterguide.com/Operator_Info/ZHEZKAZGAN+AIR/101093/Almaty/71898,ACG,UAAA,LET-410 UVPE
